campaign,family,inputs,channel,aggregation,rmse,mae,bias,crps,coverage95,n
baseline,climatology,argo,TEMP,fixed,0.7671488093525672,0.43236698429424053,-0.08210400171205864,,,92517
baseline,climatology,argo,SALT,fixed,0.12600730248715247,0.06871541593246064,-0.0012073023708986544,,,92517
baseline,nearest_profile,argo,TEMP,fixed,0.18400532966489444,0.0876244176673398,-0.0009854461748704676,,,92517
baseline,nearest_profile,argo,SALT,fixed,0.03851096870570276,0.017289723952804564,5.190917533500864e-05,,,92517
baseline,oi,argo,TEMP,fixed,0.09059928936997619,0.0386674221620206,-0.001112325283404735,,,92517
baseline,oi,argo,SALT,fixed,0.021847956897878655,0.007629821470458549,7.735361059426343e-05,,,92517
baseline,prior_learned_oi,argo,TEMP,fixed,0.08388640811334362,0.036682181647513946,-0.0008585310684480913,,,92517
baseline,prior_learned_oi,argo,SALT,fixed,0.02069483176466215,0.007227762609404352,0.0001052448327241599,,,92517
baseline,fixed_pointwise_mlp,argo,TEMP,fixed,0.1883199416814454,0.09028909038989306,0.000985480550538847,,,92517
baseline,fixed_pointwise_mlp,argo,SALT,fixed,0.0385787862102129,0.017731517376544277,-0.0009585615591156237,,,92517
old,dense192,argo,TEMP,ensemble,0.08537630179966695,0.03881239081649236,5.1680326549558884e-05,0.0313740733284719,0.9612071295005242,92517
old,dense192,argo,TEMP,seed_mean,0.08622565010239087,0.03920218376332757,5.168032654955877e-05,0.031584092363858306,0.9560801438294223,92517
old,dense192,argo,SALT,ensemble,0.021281922782520894,0.007897344497896738,0.00016985663374695638,0.006399981655698664,0.9659954386761352,92517
old,dense192,argo,SALT,seed_mean,0.021412149984478688,0.007975973382696854,0.00016985663374695644,0.006445727384543769,0.961059408901427,92517
old,dense64,argo,TEMP,ensemble,0.08632252090357205,0.039214501566789885,-0.0002257623374765243,0.032454537372074974,0.9602559529599966,92517
old,dense64,argo,TEMP,seed_mean,0.08676231860215994,0.03944136659643312,-0.0002257623374765243,0.032579804041994447,0.9565593350411276,92517
old,dense64,argo,SALT,ensemble,0.021318291354703783,0.007974368339255885,0.00014352580375335427,0.006725044067820412,0.9650010268383108,92517
old,dense64,argo,SALT,seed_mean,0.021394549785696843,0.008026222566627291,0.00014352580375335424,0.006746202065476464,0.9613044089194419,92517
old,local_transformer192,argo,TEMP,ensemble,0.07714263951802543,0.03424861503560215,7.231929505244753e-05,0.025293387146089953,0.9228466119740156,92517
old,local_transformer192,argo,TEMP,seed_mean,0.07836904265903163,0.03473275302296274,7.231929505244798e-05,0.02571600548715434,0.9113208023030003,92517
old,local_transformer192,argo,SALT,ensemble,0.019788163037352913,0.0067684440359149995,0.00013420931182994402,0.005028187965031829,0.9303587448793195,92517
old,local_transformer192,argo,SALT,seed_mean,0.02001944947445967,0.006872354297188944,0.00013420931182994402,0.005113140612923673,0.9189770528659599,92517
old,official4dvarnet,argo,TEMP,ensemble,0.20231829151077338,0.11632407705518391,0.0008297880144182878,,,92517
old,official4dvarnet,argo,TEMP,seed_mean,0.22293609079297194,0.13335745961077358,0.000829788014418288,,,92517
old,official4dvarnet,argo,SALT,ensemble,0.0401917991817269,0.02037090470094431,0.00022555841841772652,,,92517
old,official4dvarnet,argo,SALT,seed_mean,0.043579745046235845,0.023351625893539993,0.00022555841841772654,,,92517
old,previous_token64,argo,TEMP,ensemble,0.25705035419620187,0.12962554829722378,0.009389726347387797,,,92517
old,previous_token64,argo,TEMP,seed_mean,0.2638210840763436,0.1335753922398818,0.009389726347387795,,,92517
old,previous_token64,argo,SALT,ensemble,0.043554615796689206,0.02125911466453154,0.0005331104319489263,,,92517
old,previous_token64,argo,SALT,seed_mean,0.04478217761002224,0.02204761521882013,0.0005331104319489263,,,92517
old,soft_moe192,argo,TEMP,ensemble,0.08540069338205208,0.03881117656646934,0.00014657150296427634,0.031162141867853835,0.9582130851627269,92517
old,soft_moe192,argo,TEMP,seed_mean,0.08605391734114505,0.039135618975058566,0.0001465715029642761,0.03133780053382555,0.953976026027649,92517
old,soft_moe192,argo,SALT,ensemble,0.021316974629418506,0.00793440384396663,4.18412086393391e-05,0.006379143571402845,0.9636715414464369,92517
old,soft_moe192,argo,SALT,seed_mean,0.021433600004271785,0.007998137558201418,4.184120863933911e-05,0.006417531468694081,0.9596146293834286,92517
old,soft_moe192_latent_off,argo,TEMP,ensemble,0.08581463739126928,0.03918174323672261,0.0001135176892258293,0.03286835509274796,0.9594128646627106,92517
old,soft_moe192_latent_off,argo,TEMP,seed_mean,0.08643967462721369,0.03948046786434741,0.00011351768922582929,0.03302274804612606,0.9560477173564498,92517
old,soft_moe192_latent_off,argo,SALT,ensemble,0.021334022737543364,0.007989890274869217,0.00023398582973598587,0.006914383560041573,0.9674222034869268,92517
old,soft_moe192_latent_off,argo,SALT,seed_mean,0.021424087957402176,0.008049547238738866,0.00023398582973598587,0.006940801833779725,0.963617497324816,92517
old,soft_moe192_local_off,argo,TEMP,ensemble,0.09059928916682557,0.03866742216809482,-0.0011123252802239612,0.059740658026034406,0.9896559551217614,92517
old,soft_moe192_local_off,argo,TEMP,seed_mean,0.09059928916682557,0.03866742216809482,-0.0011123252802239612,0.059740658026034406,0.9896559551217615,92517
old,soft_moe192_local_off,argo,SALT,ensemble,0.021847956908044374,0.007629821465718841,7.735361845222352e-05,0.01106008803430921,0.9823599987029411,92517
old,soft_moe192_local_off,argo,SALT,seed_mean,0.021847956908044374,0.007629821465718841,7.735361845222352e-05,0.01106008803430921,0.9823599987029411,92517
old,dense192,surface,TEMP,ensemble,0.07953393825807771,0.03579691074239156,-3.16961669106528e-05,0.0283008315769847,0.9620934530951069,92517
old,dense192,surface,TEMP,seed_mean,0.08115011866967367,0.03708729132723539,-3.169616691065287e-05,0.02904611378388317,0.9456784518881215,92517
old,dense192,surface,SALT,ensemble,0.016258805743788077,0.006354228202965899,-7.312413652288414e-05,0.005039138969861614,0.9654117621626296,92517
old,dense192,surface,SALT,seed_mean,0.016635911375982967,0.006592838622846735,-7.312413652288414e-05,0.005173017260929883,0.9572943350951716,92517
old,official4dvarnet,surface,TEMP,ensemble,0.3583144609165971,0.19742108555004673,-0.0208864989502712,,,92517
old,official4dvarnet,surface,TEMP,seed_mean,0.38088832520191357,0.21686277130079476,-0.020886498950271202,,,92517
old,official4dvarnet,surface,SALT,ensemble,0.06789902351027396,0.030940322709121677,0.0001832736440459112,,,92517
old,official4dvarnet,surface,SALT,seed_mean,0.0714331726586716,0.03420773850603873,0.00018327364404591105,,,92517
old,soft_moe192,surface,TEMP,ensemble,0.079696753049047,0.03568631939752265,0.0021057559948220402,0.028057803076119492,0.9578131586627322,92517
old,soft_moe192,surface,TEMP,seed_mean,0.08089427312058255,0.03639519090905489,0.002105755994822041,0.028472412294394345,0.9512702170051631,92517
old,soft_moe192,surface,SALT,ensemble,0.01622570967375903,0.0063107226811516285,8.304783582146906e-05,0.004982064873385606,0.9643092620815634,92517
old,soft_moe192,surface,SALT,seed_mean,0.016510562610707227,0.0064890850309576135,8.304783582146904e-05,0.005080493164827541,0.9578744086672359,92517
old,soft_moe192_latent_off,surface,TEMP,ensemble,0.07995189582304128,0.03701032827332069,0.0015002974774710309,0.029387317975842372,0.9579644822032708,92517
old,soft_moe192_latent_off,surface,TEMP,seed_mean,0.08085244024069842,0.037565496065470494,0.0015002974774710309,0.029703265986136793,0.952214187662808,92517
old,soft_moe192_latent_off,surface,SALT,ensemble,0.016762005061933757,0.006709287331696001,1.8785166810159656e-05,0.005406869842361248,0.962709556081585,92517
old,soft_moe192_latent_off,surface,SALT,seed_mean,0.01696715237498754,0.006840743316869752,1.8785166810159656e-05,0.005478738588148359,0.957820364545615,92517
new,local_control,argo,TEMP,ensemble,0.07714263951802543,0.03424861503560215,7.231929505244753e-05,0.025293387146089953,0.9228466119740156,92517
new,local_control,argo,TEMP,seed_mean,0.07836904265903163,0.03473275302296274,7.231929505244798e-05,0.02571600548715434,0.9113208023030003,92517
new,local_control,argo,SALT,ensemble,0.019788163037352913,0.0067684440359149995,0.00013420931182994402,0.005028187965031829,0.9303587448793195,92517
new,local_control,argo,SALT,seed_mean,0.02001944947445967,0.006872354297188944,0.00013420931182994402,0.005113140612923673,0.9189770528659599,92517
new,local_latent_off,argo,TEMP,ensemble,0.07796264684441401,0.034534430043823325,0.0003812407899773632,0.025580777999050498,0.9280997005955662,92517
new,local_latent_off,argo,TEMP,seed_mean,0.07892317603479393,0.03497109902323714,0.00038124078997736334,0.02596295388519493,0.9170350674290492,92517
new,local_latent_off,argo,SALT,ensemble,0.01988220631529273,0.006820049861695076,0.0001682045444170998,0.005095995071564741,0.9370061718386891,92517
new,local_latent_off,argo,SALT,seed_mean,0.02008117376004898,0.006925498665422503,0.00016820454441709976,0.005179050131363767,0.9258010239559576,92517
new,local_off,argo,TEMP,ensemble,0.09059928916682557,0.03866742216809482,-0.0011123252802239612,0.059740658026034406,0.9896559551217614,92517
new,local_off,argo,TEMP,seed_mean,0.09059928916682557,0.03866742216809482,-0.0011123252802239612,0.059740658026034406,0.9896559551217615,92517
new,local_off,argo,SALT,ensemble,0.021847956908044374,0.007629821465718841,7.735361845222352e-05,0.01106008803430921,0.9823599987029411,92517
new,local_off,argo,SALT,seed_mean,0.021847956908044374,0.007629821465718841,7.735361845222352e-05,0.01106008803430921,0.9823599987029411,92517
new,profile_none,argo,TEMP,ensemble,0.07786134694007171,0.034475789513351625,4.6053905016843155e-06,0.025464400929206158,0.9181231557443497,92517
new,profile_none,argo,TEMP,seed_mean,0.07899421561859173,0.03495446218943734,4.605390501684077e-06,0.02588336802734451,0.9074944784922411,92517
new,profile_none,argo,SALT,ensemble,0.019950347136975508,0.0068135676175549685,6.72150309286429e-05,0.00506174772613202,0.929721024244193,92517
new,profile_none,argo,SALT,seed_mean,0.020181142235226584,0.006924955957346261,6.721503092864288e-05,0.005150524222477972,0.9175322733479613,92517
